,VGCPastes Repository (Champions M-B),,,,,,,,,,,,,,,,,,,Total Team Count:,,129,,,,,Total Creator Count: ,116,,,Teams with Replicas: ,124,,,,,,,,,,,,
,Click here to visit our Twitter for latest updates!,,,,,,,,Click here to see Champions Featured Teams (Teams with results only),,,,,,,,,,,,,,,,,,DM us in Discord if Replica Code is not available anymore! ⬇︎,,,Source /,,Note: Most of the teams we find are from Twitter,,,,,,,,,,,,
Team ID,Team Description,,Full Name,,1,,,2,,,3,,,4,,,5,,,6,,,,Pokepaste,EVs,Extracted paste?,Replica Status,"Replica Code
(Click text for image)",Date Shared,Tournament / Event,Rank,Link to Source,Report / Video,Other Links,Owner,,Pokemon Text for Copypasta,,,,,,,Team ID
MB129,Snorlaxpikachu1's r/VGC Regulation M-B Kickoff Cup Champion Team,,Snorlaxpikachu1,,,,Floettite,,,Pyroarite,,,Choice Scarf,,,Life Orb,,,Focus Sash,,,Sitrus Berry,,https://pokepast.es/10a37f301c6e583f,Yes,Owner's,✔,69PKNEEC91,20 Jun 2026,r/VGC Regulation M-B Kickoff Cup,Champion,https://youtu.be/rDd7eWD44Vw?si=B5FylTJ9KnDe3Z9P,-,-,Snorlaxpikachu1,,Floette-Mega,Pyroar-Mega,Ninetales,Basculegion,Whimsicott,Farigiraf,,MB129
MB128,hirseknabe's r/VGC Regulation M-B Kickoff Cup Runner Up Team,,hirseknabe,,,,Kangaskhanite,,,Charcoal,,,Choice Scarf,,,Focus Sash,,,Colbur Berry,,,Haban Berry,,https://pokepast.es/b94b2877b5dd4f7d,Yes,Owner's,✔,H4S1K5J6NA,19 Jun 2026,r/VGC Regulation M-B Kickoff Cup,Runner Up,https://x.com/hirseknabe/status/2067943611639976259?s=46,https://teamsheet.gg/t/wait-is-vileplume-good-2nd-place-at-the-largest-regulation-m-0as5d6,-,hirseknabe,,Kangaskhan-Mega,Torkoal,Basculegion,Vileplume,Farigiraf,Kommo-o,,MB128
MB127,Wolfey's r/VGC Regulation M-B Kickoff Cup Top 16 Team,,Wolfe Glick,,,,Floettite,,,Mystic Water,,,Raichunite Y,,,Focus Sash,,,Life Orb,,,Sitrus Berry,,https://pokepast.es/7d0d8f36a4fc312b,Yes,Extracted,✔,SR77A5DKC3,20 Jun 2026,r/VGC Regulation M-B Kickoff Cup,9th,https://www.youtube.com/watch?v=oytYBnWu5DA,-,-,WolfeyGlick,,Floette-Eternal-Mega,Basculegion,Raichu,Whimsicott,Gholdengo,Garchomp,,MB127
MB126,ansena's Tera Square Offline #2 Champion Team,,ansena,,,,Pyroarite,,,Scraftinite,,,Heat Rock,,,Life Orb,,,Focus Sash,,,Sitrus Berry,,https://pokepast.es/f1137c3c585ed29c,Yes,Extracted,✔,6AS3XFULSE,20 Jun 2026,Tera Square Offline #2,Champion,https://x.com/iruto_ansena/status/2068264226922307847?s=20,-,-,iruto_ansena,,Pyroar-Mega,Scrafty-Mega,Torkoal,Venusaur,Mamoswine,Farigiraf,,MB126
MB125,Toranseru's Blaziken Mimikyu Team,,Toranseru,,,,Blazikenite,,,Sitrus Berry,,,Never-Melt Ice,,,Focus Sash,,,Life Orb,,,Choice Scarf,,https://pokepast.es/2f924471bc2bcbaa,Yes,Extracted,✔,E2D318EH5J,20 Jun 2026,-,,https://x.com/toranseru_poke/status/2068319802796679534?s=46,-,-,toranseru_poke,,Blaziken-Mega,Basculegion,Vanilluxe,Kingambit,Mimikyu,Hydreigon,,MB125
MB124,_ghira_'s Mawile Ampharos Team,,_ghira_,,,,Ampharosite,,,Mawilite,,,Charcoal,,,Focus Sash,,,Choice Scarf,,,Sitrus Berry,,https://pokepast.es/cb5685c96f86ac69,Yes,Extracted,✔,6TWVQHF36N,20 Jun 2026,-,,https://x.com/_ghira_/status/2068290442240627169?s=46,-,-,_ghira_,,Ampharos-Mega,Mawile-Mega,Incineroar,Basculegion,Staraptor,Farigiraf,,MB124
MB123,nl0u2aalww3fh0e's Staraptor Basculegion Team,,nl0u2aalww3fh0e,,,,Staraptite,,,Choice Scarf,,,Focus Sash,,,Chople Berry,,,White Herb,,,Dragon Fang,,https://pokepast.es/1eb8d74cc8e743ab,Yes,Extracted,✔,AFKAA4N5DG,20 Jun 2026,-,,https://x.com/nl0u2aalww3fh0e/status/2068279286973551091?s=46,-,-,nl0u2aalww3fh0e,,Staraptor-Mega,Basculegion-F,Whimsicott,Kingambit,Archaludon,Garchomp,,MB123
MB122,KURO's Charizard-Y Sylveon Team,,Masayoshi Kuroo,,,,Charizardite Y,,,Choice Scarf,,,Focus Sash,,,Chople Berry,,,Fairy Feather,,,Sitrus Berry,,https://pokepast.es/b17ef2d3883cd3e7,Yes,Extracted,✔,KE7D5EK4DB,20 Jun 2026,-,,https://x.com/f_kc56/status/2068307180760215826?s=20,-,-,f_kc56,,Charizard,Staraptor,Whimsicott,Kingambit,Sylveon,Garchomp,,MB122
MB121,David's Barbaracle Floette Team,,David Partington,,,,Barbaracite,,,Floettite,,,Chople Berry,,,Sitrus Berry,,,Focus Sash,,,Coba Berry,,https://pokepast.es/3477a04e5925fd8c,Yes,Extracted,✔,LW92T1DF2C,20 Jun 2026,-,,https://x.com/davidpartvgc/status/2068293743153741857?s=46,https://www.youtube.com/watch?v=IDmHhE1vK9c,-,davidpartvgc,,Barbaracle-Mega,Floette-Eternal-Mega,Incineroar,Milotic,Weavile,Sinistcha,,MB121
MB120,umikonou's Charizard-Y Pyroar Team,,umikonou,,,,Pyroarite,,,Sitrus Berry,,,Focus Sash,,,Charizardite Y,,,Heat Rock,,,Choice Scarf,,https://pokepast.es/acc7a36308616721,Yes,Extracted,✔,B1NRCK7S6U,20 Jun 2026,-,,https://x.com/umikonou/status/2068210764301946974?s=46,-,-,umikonou,,Pyroar-Mega,Blaziken,Ceruledge,Charizard,Torkoal,Meowscarada,,MB120
MB119,yukiya's Scovillain Grimmsnarl Team,,yukiya,,,,Scovillainite,,,Life Orb,,,Focus Sash,,,Roseli Berry,,,Sitrus Berry,,,Leftovers,,https://pokepast.es/3a8307130ab57279,Yes,Extracted,✔,HJQ0X8LUKD,20 Jun 2026,-,,https://x.com/pmyukiya/status/2068289914966581730?s=46,-,-,pmyukiya,,Scovillain-Mega,Basculegion,Pelipper,Grimmsnarl,Sylveon,Archaludon,,MB119
MB118,Hamstermania's Staraptor Maushold Team,,David Koutesh,,,,Staraptite,,,Choice Scarf,,,Focus Sash,,,Wide Lens,,,Occa Berry,,,Life Orb,,https://pokepast.es/931fd9ab58690716,Yes,Owner's,X,None,20 Jun 2026,-,,https://x.com/hamstermaniavgc/status/2068287480831398389?s=46,-,-,hamstermaniavgc,,Staraptor-Mega,Basculegion,Annihilape,Maushold,Whimsicott,Gholdengo,,MB118
MB117,robstar029's Blaziken Aerodactyl Team,,robstar029,,,,Aerodactylite,,,Blazikenite,,,Leftovers,,,Kasib Berry,,,Life Orb,,,Light Ball,,https://pokepast.es/8e43844c469fd740,Yes,Owner's,✔,W9TCAQB84S,20 Jun 2026,Team Report,,https://x.com/robstar029/status/2068074931523350532?s=46,https://teamsheet.gg/t/mega-blaziken-v2-13-win-streak-in-master-ball-xbv71x,-,robstar029,,Aerodactyl-Mega,Blaziken-Mega,Milotic,Sinistcha,Gholdengo,Grimmsnarl,,MB117
MB116,ShiningStAr359's Mawile Basculegion Team,,ShiningStAr359,,,,Mawilite,,,Shuca Berry,,,Life Orb,,,Choice Scarf,,,Sitrus Berry,,,Leftovers,,https://pokepast.es/8eb46e18d0531fd9,Yes,Extracted,✔,FHJJ4LBT8J,20 Jun 2026,-,,https://x.com/ShiningStAr359/status/2068255293482643481?s=20,-,-,ShiningStAr359,,Mawile-Mega,Incineroar,Basculegion-F,Pelipper,Sinistcha,Archaludon,,MB116
MB115,YesMess72837's Staraptor Glimmora Team,,YesMess72837,,,,Staraptite,,,Sitrus Berry,,,Focus Sash,,,Fairy Feather,,,Kasib Berry,,,Life Orb,,https://pokepast.es/6fd669b85d485182,Yes,Extracted,✔,3SYCJQX90F,20 Jun 2026,-,,https://x.com/YesMess72837/status/2068132699693285604?s=20,-,-,YesMess72837,,Staraptor-Mega,Incineroar,Glimmora,Whimsicott,Sinistcha,Garchomp,,MB115
MB114,argent__mj's Gengar Dragonite Team,,argent__mj,,,,Gengarite,,,Leftovers,,,Chople Berry,,,Never-Melt Ice,,,Dragon Fang,,,Sitrus Berry,,https://pokepast.es/85224fb4b4ad5412,Yes,Extracted,✔,H79JK2XXJQ,20 Jun 2026,-,,https://x.com/argent__mj/status/2068241321060712729?s=20,-,-,argent__mj,,Gengar-Mega,Incineroar,Kingambit,Ninetales-Alola,Dragonite,Garchomp,,MB114
MB113,sktypoke's Swampert Venusaur Team,,sktypoke,,,,Swampertite,,,Venusaurite,,,Choice Scarf,,,Sitrus Berry,,,Roseli Berry,,,Leftovers,,https://pokepast.es/70e91d0508ab7df0,Yes,Extracted,✔,B7S0MJJ8XT,20 Jun 2026,-,,https://x.com/sktypoke/status/2068212176381464924?s=20,-,-,sktypoke,,Swampert-Mega,Venusaur-Mega,Basculegion,Pelipper,Sableye,Archaludon,,MB113
MB112,Sarapoke0914's Pyroar Vileplume Team,,Sarapoke0914,,,,Pyroarite,,,Charcoal,,,Focus Sash,,,Iron Ball,,,Silk Scarf,,,Sitrus Berry,,https://pokepast.es/c9eb31413e55910b,Yes,Extracted,✔,F97H1C82K0,20 Jun 2026,-,,https://x.com/Sarapoke0914/status/2068263311972639098?s=20,-,-,Sarapoke0914,,Pyroar-Mega,Torkoal,Vileplume,Sneasler,Kangaskhan,Farigiraf,,MB112
MB111,Sarapoke0914's Blastoise Whimsicott HTR Team,,Sarapoke0914,,,,Blastoisinite,,,Mystic Water,,,Iron Ball,,,Choice Scarf,,,Focus Sash,,,Life Orb,,https://pokepast.es/d0f7a91d5b4e6fb1,Yes,Extracted,✔,UREJ8TM9E7,20 Jun 2026,-,,https://x.com/Sarapoke0914/status/2068263311972639098?s=20,-,-,Sarapoke0914,,Blastoise-Mega,Basculegion,Pelipper,Staraptor,Whimsicott,Kingambit,,MB111
MB110,BTrickroomZ's Swampert Glimmora Team,,Yuta Ishigaki,,,,Glimmoranite,,,Swampertite,,,Life Orb,,,Roseli Berry,,,Sitrus Berry,,,Leftovers,,https://pokepast.es/6613ff141ce6fe6d,Yes,Extracted,✔,5BQPQF3190,20 Jun 2026,Video,,https://x.com/BTrickroomZ/status/2068254893073465383?s=20,https://www.youtube.com/live/kgZS0eKU1Wg,-,BTrickroomZ,,Glimmora-Mega,Swampert-Mega,Pelipper,Sableye,Sinistcha,Archaludon,,MB110
MB109,Nash's Swampert Basculegion Team,,Sanghyeon Na,,,,Swampertite,,,Mystic Water,,,Choice Scarf,,,Kasib Berry,,,Light Clay,,,Leftovers,,https://pokepast.es/5cce0dd546eebdc4,Yes,Owner's,✔,UAHF50H9Y4,20 Jun 2026,Video,,https://x.com/nashvgc/status/2068217770832199783?s=46,https://www.youtube.com/watch?v=QtPQVHNAQC8,-,nashvgc,,Swampert-Mega,Basculegion,Pelipper,Sinistcha-Masterpiece,Grimmsnarl,Archaludon,,MB109
MB108,alcana's Raichu-Y Sylveon Team,,Kiwamu Endo,,,,Shuca Berry,,,Raichunite Y,,,Focus Sash,,,Occa Berry,,,Fairy Feather,,,Life Orb,,https://pokepast.es/023d908d621f742e,Yes,Extracted,✔,GDKRNFEAV2,20 Jun 2026,-,,https://x.com/alcana_10906/status/2068227413675544850?s=46,-,-,alcana_10906,,Incineroar,Raichu,Whimsicott,Kingambit,Sylveon,Garchomp,,MB108
MB107,JoeUX9's Swampert Sableye Team,,Joseph Ugarte,,,,Swampertite,,,Focus Band,,,Light Clay,,,Kasib Berry,,,Chople Berry,,,Leftovers,,https://pokepast.es/84deb3f88e55d402,Yes,Extracted,X,None,20 Jun 2026,Video,,https://youtu.be/cvVzNtC4uMA?si=gBDj-uu7GjdEKvPp,-,-,JoeUX9,,Swampert-Mega,Pelipper,Sableye,Sinistcha,Kingambit,Archaludon,,MB107
MB106,SaturnZelda's Staraptor Dragalge Team,,SaturnZelda,,,,Dragalgite,,,Staraptite,,,Sitrus Berry,,,Occa Berry,,,Chople Berry,,,Light Clay,,https://pokepast.es/ab3ddb99ccdd02e1,Yes,Extracted,✔,9Q7MBH2EFJ,20 Jun 2026,-,,https://x.com/SaturnZelda/status/2068102110798123023?s=20,-,-,SaturnZelda,,Dragalge-Mega,Staraptor-Mega,Incineroar,Sinistcha,Kingambit,Grimmsnarl,,MB106
MB105,mikevgc's Eelektross Charizard-Y Team,,mikevgc,,,,Eelektrossite,,,Charizardite Y,,,Mystic Water,,,Focus Sash,,,Light Clay,,,Life Orb,,https://pokepast.es/901188044e2dad19,Yes,Extracted,✔,1A167303WM,19 Jun 2026,-,,https://x.com/mikevgc/status/2067921516537208895?s=46,-,-,mikevgc,,Eelektross-Mega,Charizard,Basculegion,Whimsicott,Grimmsnarl,Garchomp,,MB105
MB104,ntsu__'s Metagross Eelektross Team,,ntsu__,,,,Eelektrossite,,,Metagrossite,,,Mystic Water,,,Focus Sash,,,Black Glasses,,,Sitrus Berry,,https://pokepast.es/b10af3f64aab0d61,Yes,Extracted,X,None,20 Jun 2026,-,,https://x.com/ntsu__/status/2068002598259437852?s=46,-,-,ntsu__,,Eelektross-Mega,Metagross-Mega,Basculegion,Whimsicott,Kingambit,Garchomp,,MB104
MB103,lj_darkrai's Raichu-Y Froslass Team,,lj_darkrai,,,,Froslassite,,,Life Orb,,,Choice Scarf,,,Raichunite Y,,,Sitrus Berry,,,Leftovers,,https://pokepast.es/6729423e9e1f10a1,Yes,Extracted,✔,QSTCTM0CEC,20 Jun 2026,-,,https://x.com/lj_darkrai/status/2068080489387159993?s=46,-,-,lj_darkrai,,Froslass-Mega,Basculegion,Pelipper,Raichu,Sinistcha,Archaludon,,MB103
MB102,Twilite's Staraptor Delphox Team,,Kshaunish Shaik,,,,Delphoxite,,,Staraptite,,,Focus Sash,,,Kasib Berry,,,Light Clay,,,Life Orb,,https://pokepast.es/cf389e48bd9554b8,Yes,Extracted,✔,D5CV62X9YA,20 Jun 2026,-,,https://x.com/twilite0/status/2068113482835259660?s=46,-,-,twilite0,,Delphox-Mega,Staraptor-Mega,Basculegion,Sinistcha,Grimmsnarl,Garchomp,,MB102
MB101,valivgc's Staraptor Milotic Team,,valivgc,,,,Staraptite,,,Sitrus Berry,,,Leftovers,,,Kasib Berry,,,Life Orb,,,Choice Scarf,,https://pokepast.es/95e4b7874f34c5ca,Yes,Extracted,✔,3G9V721VC9,20 Jun 2026,-,,https://x.com/valivgc/status/2068002819001511967?s=46,-,-,valivgc,,Staraptor-Mega,Incineroar,Milotic,Sinistcha,Sylveon,Garchomp,,MB101
MB100,dollarmonke13's Raichu-Y Mawile Team,,dollarmonke13,,,,Mawilite,,,Sitrus Berry,,,Focus Sash,,,Raichunite Y,,,Kasib Berry,,,Life Orb,,https://pokepast.es/0676ff96a9e2a83a,Yes,Extracted,✔,LN7QF06DPF,19 Jun 2026,-,,https://x.com/dollarmonke13/status/2067842141410189668?s=46,-,-,dollarmonke13,,Mawile-Mega,Incineroar,Pelipper,Raichu,Sinistcha,Garchomp,,MB100
MB99,KantoClark's Sceptile Tyranitar Team,,Nicholas Clark,,,,Sceptilite,,,Tyranitarite,,,Choice Scarf,,,White Herb,,,Sitrus Berry,,,Life Orb,,https://pokepast.es/195df8f08deadd5a,Yes,Extracted,✔,U9KYXVSGTC,19 Jun 2026,-,,https://x.com/kantoclark/status/2067853693899210893?s=46,-,-,kantoclark,,Sceptile-Mega,Tyranitar-Mega,Rotom-Heat,Sneasler,Corviknight,Garchomp,,MB99
MB98,BravadoVGC's Mawile Scrafty HTR Team,,Konnar Betts,,,,Mawilite,,,Scraftinite,,,Life Orb,,,Charcoal,,,Wide Lens,,,Colbur Berry,,https://pokepast.es/b85aa9357fb1bff2,Yes,Extracted,✔,6KDYJ5GVXK,20 Jun 2026,-,,https://x.com/that_bravado/status/2068151605921530034?s=46,-,-,that_bravado,,Mawile-Mega,Scrafty-Mega,Armarouge,Torkoal,Maushold-Four,Farigiraf,,MB98
MB97,Brian's Swampert Metagross Team,,Brian Youm,,,,Metagrossite,,,Swampertite,,,Sitrus Berry,,,Coba Berry,,,Light Clay,,,Leftovers,,https://pokepast.es/16c8dda0ec18f0dc,Yes,Extracted,✔,W5X0TK3N38,20 Jun 2026,-,,https://x.com/playmakeryoum/status/2068071807094063319?s=46,-,-,playmakeryoum,,Metagross-Mega,Swampert-Mega,Pelipper,Sinistcha,Grimmsnarl,Archaludon,,MB97
MB96,syntexcustoms' Floette Annihilape Team,,syntexcustoms,,,,Floettite,,,Sharp Beak,,,Roseli Berry,,,Focus Sash,,,Spell Tag,,,Life Orb,,https://pokepast.es/c0cd7f06607fc861,Yes,Owner's,✔,4N3MELX31W,20 Jun 2026,-,,https://x.com/syntexcustoms/status/2068047423402889355?s=46,-,-,syntexcustoms,,Floette-Eternal-Mega,Talonflame,Annihilape,Vivillon,Gholdengo,Garchomp,,MB96
MB95,Goto's Crown Fight #73 Champion Team,,Tomoki Goto,,,,Floettite,,,Metagrossite,,,Sitrus Berry,,,Sharp Beak,,,Never-Melt Ice,,,Life Orb,,https://pokepast.es/49d221a71ad77e0b,Yes,Extracted,✔,U26H4084R5,20 Jun 2026,Crown Fight #73,Champion,https://x.com/gototapufinivgc/status/2068118083118768213?s=46,-,-,gototapufinivgc,,Floette-Eternal-Mega,Metagross-Mega,Ceruledge,Talonflame,Ninetales-Alola,Garchomp,,MB95
MB94,bikovgc's Delphox Annihilape Team,,bikovgc,,,,Delphoxite,,,Passho Berry,,,Leftovers,,,Wide Lens,,,Focus Sash,,,Sitrus Berry,,https://pokepast.es/9a01a8efa48ef2e2,Yes,Extracted,✔,LPUTRGJQWE,20 Jun 2026,-,,https://x.com/bikovgc/status/2068059411780608150?s=46,-,-,bikovgc,,Delphox-Mega,Incineroar,Annihilape,Maushold-Four,Whimsicott,Farigiraf,,MB94
MB93,0101fe_'s Charizard-Y Floette Team,,0101fe_,,,,Floettite,,,Charizardite Y,,,Life Orb,,,Focus Sash,,,Chople Berry,,,Roseli Berry,,https://pokepast.es/660c94038fbbebc6,Yes,Extracted,✔,R6EFJYW89C,20 Jun 2026,-,,https://x.com/0101fe_/status/2068093302428357044?s=46,-,-,0101fe_,,Floette-Eternal-Mega,Charizard,Basculegion,Whimsicott,Kingambit,Garchomp,,MB93
MB92,Saibon_'s Swampert Mawile Team,,Saibon_,,,,Mawilite,,,Swampertite,,,Life Orb,,,Sitrus Berry,,,Kasib Berry,,,Leftovers,,https://pokepast.es/ab6f014525d8bfd3,Yes,Extracted,✔,BWVQT3408L,20 Jun 2026,-,,https://x.com/Saibon_/status/2068033770192576642?s=20,-,-,Saibon_,,Mawile-Mega,Swampert-Mega,Pelipper,Farigiraf,Sinistcha,Archaludon,,MB92
MB91,YT's Floette Grimmsnarl Team,,Yuya Tada,,,,Floettite,,,Choice Scarf,,,Focus Sash,,,Sitrus Berry,,,Light Clay,,,Leftovers,,https://pokepast.es/aeb488d282f9d8b2,Yes,Extracted,✔,BMYR5TU6TP,19 Jun 2026,-,,https://x.com/YTpublic/status/2067973511143137573?s=20,-,-,YTpublic,,Floette-Eternal-Mega,Basculegion,Pelipper,Sinistcha,Grimmsnarl,Archaludon,,MB91
MB90,0101fe_'s Floette Annihilape Team,,0101fe_,,,,Floettite,,,Sitrus Berry,,,Bright Powder,,,Leftovers,,,Choice Scarf,,,Light Clay,,https://pokepast.es/93d157085867fcd8,Yes,Extracted,✔,5SU3ECU37G,19 Jun 2026,-,,https://x.com/0101fe_/status/2067908031351034064?s=20,-,-,0101fe_,,Floette-Eternal-Mega,Incineroar,Milotic,Annihilape,Gholdengo,Grimmsnarl,,MB90
MB89,hammockpokemon's Sceptile Rotom-Heat Team,,hammockpokemon,,,,Sceptilite,,,Choice Scarf,,,Sitrus Berry,,,Focus Sash,,,Bright Powder,,,Life Orb,,https://pokepast.es/6d1d80031b2e5e20,Yes,Extracted,✔,2KTKJADG9X,19 Jun 2026,-,,https://x.com/hammockpokemon/status/2067940233891770560?s=20,-,-,hammockpokemon,,Sceptile-Mega,Rotom-Heat,Basculegion,Aerodactyl,Clefable,Garchomp,,MB89
MB88,tomachikonoyubi's Blaziken Venusaur Team,,tomachikonoyubi,,,,Blazikenite,,,Venusaurite,,,Focus Sash,,,Choice Scarf,,,Chople Berry,,,Fairy Feather,,https://pokepast.es/b2d81ee06b7d663e,Yes,Extracted,✔,9FRL4FR6Q6,19 Jun 2026,-,,https://x.com/tomachikonoyubi/status/2067951645594636530?s=20,-,-,tomachikonoyubi,,Blaziken-Mega,Venusaur-Mega,Aerodactyl,Gholdengo,Kingambit,Sylveon,,MB88
MB87,Riopaser's Blaziken Metagross Team,,Eric Ríos,,,,Blazikenite,,,Metagrossite,,,Life Orb,,,Focus Sash,,,Sitrus Berry,,,Choice Scarf,,https://pokepast.es/fbcda25f4bcd3e3d,Yes,Extracted,✔,LHTGEUP049,20 Jun 2026,-,,https://x.com/riopaser/status/2068029876259451118?s=20,-,-,riopaser,,Blaziken-Mega,Metagross-Mega,Basculegion,Whimsicott,Farigiraf,Hydreigon,,MB87
MB86,1803gi's Staraptor Vileplume Team,,Tatsuya Watanuki,,,,Staraptite,,,Focus Sash,,,Life Orb,,,Big Root,,,Sitrus Berry,,,Choice Scarf,,https://pokepast.es/1926605176ed5d46,Yes,Extracted,✔,CQ5EJT6DX7,19 Jun 2026,-,,https://x.com/1803gi/status/2067999071961563627?s=20,-,-,1803gi,,Staraptor-Mega,Houndoom,Feraligatr,Vileplume,Gholdengo,Florges,,MB86
MB85,kashiwagineru's Swampert Venusaur Team,,kashiwagineru,,,,Swampertite,,,Venusaurite,,,Choice Scarf,,,Focus Sash,,,Roseli Berry,,,Leftovers,,https://pokepast.es/a70a3bcd94e45efa,Yes,Extracted,✔,CE5AM8VUQ5,18 Jun 2026,-,,https://x.com/kashiwagineru/status/2067509236385579392?s=20,-,-,kashiwagineru,,Swampert-Mega,Venusaur-Mega,Basculegion,Pelipper,Sableye,Archaludon,,MB85
MB84,FedeCampoVGC's Pyroar Aerodactyl Team,,Federico Camporesi,,,,Aerodactylite,,,Pyroarite,,,Heat Rock,,,Muscle Band,,,Focus Sash,,,Life Orb,,https://pokepast.es/0e4f41f8810c9125,Yes,Extracted,✔,JT0U8TR1H0,18 Jun 2026,-,,https://x.com/FedeCampoVGC/status/2067595667640303722?s=20,-,-,FedeCampoVGC,,Aerodactyl-Mega,Pyroar-Mega,Torkoal,Basculegion,Venusaur,Garchomp,,MB84
MB83,cona's Raichu-Y Vanilluxe Team,,Hiroshi Onishi,,,,Charcoal,,,Sitrus Berry,,,Raichunite Y,,,Focus Sash,,,Choice Scarf,,,Dragon Fang,,https://pokepast.es/2b0be9aafd256287,Yes,Extracted,✔,PS5CRKVPSK,18 Jun 2026,-,,https://x.com/cona_5757/status/2067606397010034750?s=20,-,-,cona_5757,,Incineroar,Basculegion,Raichu,Sneasler,Vanilluxe,Dragonite,,MB83
MB82,HiramLodgeLFC's Staraptor Glimmora Team,,HiramLodgeLFC,,,,Glimmoranite,,,Staraptite,,,Chople Berry,,,Choice Scarf,,,Shuca Berry,,,Focus Sash,,https://pokepast.es/e0c7fb8a357edaa9,Yes,Owner's,✔,CF89F875GS,19 Jun 2026,-,,Discord Submission,-,-,Manual Entry,,Glimmora-Mega,Staraptor-Mega,Incineroar,Basculegion,Raichu,Whimsicott,,MB82
MB81,skylon01's Staraptor Delphox Team,,skylon01,,,,Delphoxite,,,Staraptite,,,Sitrus Berry,,,Chople Berry,,,Kasib Berry,,,Light Clay,,https://pokepast.es/b9a3b3607ffc4a3b,Yes,Extracted,✔,5NBYJMJG89,19 Jun 2026,-,,https://x.com/skylon01/status/2067776460132155902?s=46,-,-,skylon01,,Delphox-Mega,Staraptor-Mega,Incineroar,Maushold-Four,Sinistcha,Grimmsnarl,,MB81
MB80,PokeReplaysVGC's Charizard-Y Floette Team,,Adam Wright,,,,Floettite,,,Charizardite Y,,,Mystic Water,,,Focus Sash,,,Black Glasses,,,Life Orb,,https://pokepast.es/771158ae8eb2881a,Yes,Owner's,✔,6U1T0KGHR9,19 Jun 2026,-,,https://x.com/pokereplaysvgc/status/2067950581855965343?s=46,-,-,pokereplaysvgc,,Floette-Eternal-Mega,Charizard,Basculegion,Whimsicott,Kingambit,Garchomp,,MB80
MB79,barudoru's Staraptor Delphox Team,,Ryota Otsubo,,,,Delphoxite,,,Staraptite,,,Focus Sash,,,Choice Scarf,,,Chople Berry,,,Kasib Berry,,https://pokepast.es/c46aee8693ec0279,Yes,Extracted,✔,82QFF350SR,19 Jun 2026,-,,https://x.com/barudoru/status/2067981167945830519?s=46,-,-,barudoru,,Delphox-Mega,Staraptor-Mega,Excadrill,Tyranitar,Maushold-Four,Sinistcha,,MB79
MB78,zeen's Charizard-Y Floette Team,,Shohei Kimura,,,,Floettite,,,Charizardite Y,,,Life Orb,,,Focus Sash,,,Chople Berry,,,Roseli Berry,,https://pokepast.es/8a704c564baf9ef0,Yes,Extracted,✔,ADBFKT26MA,19 Jun 2026,-,,https://x.com/zeen172m/status/2067981604023378065?s=46,-,-,zeen172m,,Floette-Eternal-Mega,Charizard,Basculegion,Whimsicott,Kingambit,Garchomp,,MB78
MB77,Magnetman's Metagross Floette Team,,Adryan Sutantoso,,,,Floettite,,,Metagrossite,,I,,,,Sitrus Berry,,,Focus Sash,,,Life Orb,,https://pokepast.es/3db90a016d44edf6,Yes,Extracted,✔,TR71M12XH3,19 Jun 2026,Video,,https://x.com/MagnetmanVGC/status/2067993401996542285,https://www.youtube.com/watch?v=bDegnz_xFXk,-,MagnetmanVGC,,Floette-Eternal-Mega,Metagross-Mega,Talonflame,Rotom-Wash,Sneasler,Garchomp,,MB77
MB76,NikyuAlex's Blaziken Aerodactyl Team,,Alessio Fuscà,,,,Aerodactylite,,,Blazikenite,,,Leftovers,,,Focus Sash,,,Life Orb,,,Fairy Feather,,https://pokepast.es/5fa79154c6fb5677,Yes,Owner's,✔,E4BCWXGFA8,19 Jun 2026,Team Report,,https://x.com/nikyualex/status/2067704320074907938?s=46,https://metafy.gg/guides/view/better-than-ever-a-blaziken-mega-team-repo-aphkSW6dcMj,-,nikyualex,,Aerodactyl-Mega,Blaziken-Mega,Torkoal,Basculegion,Kingambit,Sylveon,,MB76
MB75,Misaka's Staraptor Floette Team,,Misaka,,,,Floettite,,,Staraptite,,,Sitrus Berry,,,White Herb,,,Kasib Berry,,,Light Clay,,https://pokepast.es/f0805d4554d95ba6,Yes,Extracted,✔,C4CBSFUKXS,19 Jun 2026,-,,https://x.com/agmewtwo/status/2067830911090221078?s=46,-,-,agmewtwo,,Floette-Eternal-Mega,Staraptor-Mega,Incineroar,Sneasler,Sinistcha,Grimmsnarl,,MB75
MB74,anrivgc's Staraptor Delphox Team,,anrivgc,,,,Delphoxite,,,Staraptite,,,Focus Sash,,,Occa Berry,,,Sitrus Berry,,,Life Orb,,https://pokepast.es/f5f4fa4765ea3c1e,Yes,Extracted,✔,1ABUUWCP01,19 Jun 2026,-,,https://x.com/anrivgc/status/2067675388151554322?s=46,-,-,anrivgc,,Delphox-Mega,Staraptor-Mega,Basculegion,Whimsicott,Sinistcha,Garchomp,,MB74
MB73,rirunnpapa's Swampert Sylveon Team,,Shintaro Amemiya,,,,Swampertite,,,Choice Scarf,,,Sitrus Berry,,,Coba Berry,,,Fairy Feather,,,Leftovers,,https://pokepast.es/132829d028243617,Yes,Extracted,✔,MDWB7R8X6Y,19 Jun 2026,-,,https://x.com/rirunnpapa/status/2067649431193976918?s=46,-,-,rirunnpapa,,Swampert-Mega,Basculegion,Pelipper,Sinistcha,Sylveon,Archaludon,,MB73
MB72,roasis2802's Scrafty Gholdengo Team,,roasis2802,,,,Scraftinite,,,Focus Sash,,,Choice Scarf,,,Light Clay,,,Life Orb,,,Roseli Berry,,https://pokepast.es/e804d37b8490aae7,Yes,Extracted,✔,386F6KPJYL,19 Jun 2026,-,,https://x.com/roasis2802/status/2067616953980846277?s=46,-,-,roasis2802,,Scrafty-Mega,Aerodactyl,Gholdengo,Ninetales-Alola,Sylveon,Garchomp,,MB72
MB71,koma's Staraptor Delphox Team,,koma,,,,Delphoxite,,,Staraptite,,,Life Orb,,,Focus Sash,,,Occa Berry,,,Roseli Berry,,https://pokepast.es/6cbc4096622d64a2,Yes,Extracted,✔,C9VF2QNHNR,19 Jun 2026,-,,https://x.com/komatta_man/status/2067593622544138624?s=46,-,-,komatta_man,,Delphox-Mega,Staraptor-Mega,Basculegion,Maushold,Sinistcha,Grimmsnarl,,MB71
MB70,NatusPKMN's Metagross Annihilape Team,,Nate Innocenti,,,,Metagrossite,,,Spell Tag,,,Focus Sash,,,Wide Lens,,,Sitrus Berry,,,Light Clay,,https://pokepast.es/67095d619277f7ae,Yes,Extracted,X,None,19 Jun 2026,-,,https://x.com/natuspkmn/status/2067855790786953719?s=46,-,-,natuspkmn,,Metagross-Mega,Annihilape,Zoroark-Hisui,Maushold-Four,Farigiraf,Grimmsnarl,,MB70
MB69,rejovgc's Barbaracle Froslass Team,,rejovgc,,,,Barbaracite,,,Froslassite,,,Mystic Water,,,Focus Sash,,,Chople Berry,,,Life Orb,,https://pokepast.es/2c45ecd45b32362c,Yes,Owner's,✔,8NC4A2HX10,19 Jun 2026,-,,https://x.com/rejovgc/status/2067656241170497864?s=46,-,-,rejovgc,,Barbaracle-Mega,Froslass-Mega,Basculegion,Whimsicott,Kingambit,Garchomp,,MB69
MB68,yunirando_vgc's Swampert Glimmora Team,,yunirando_vgc,,,,Glimmoranite,,,Swampertite,,,Focus Sash,,,Choice Scarf,,,Life Orb,,,Leftovers,,https://pokepast.es/7badf974df8b5e3a,Yes,Extracted,✔,D7T1UFCULQ,19 Jun 2026,-,,https://x.com/yunirando_vgc/status/2067810755794424007?s=46,-,-,yunirando_vgc,,Glimmora-Mega,Swampert-Mega,Basculegion,Pelipper,Overqwil,Archaludon,,MB68
MB67,LawrenceVGC's Grimmsnarl Annihilape Team,,LawrenceVGC,,,,Gardevoirite,,,Chople Berry,,,Focus Sash,,,Leftovers,,,Kasib Berry,,,Light Clay,,https://pokepast.es/3de0e5581c82d214,Yes,Extracted,✔,HHNL2ST7UC,19 Jun 2026,-,,https://x.com/LawrenceVGC/status/2067880485955490237,-,-,LawrenceVGC,,Gardevoir-Mega,Incineroar,Pelipper,Annihilape,Sinistcha,Grimmsnarl,,MB67
MB66,alcana's Sceptile Rotom-Wash Team,,Kiwamu Endo,,,,Sceptilite,,,Life Orb,,,Choice Scarf,,,White Herb,,,Focus Sash,,,Soft Sand,,https://pokepast.es/f9ed4fd2eafd0dca,Yes,Extracted,✔,X4EKY3AE00,19 Jun 2026,-,,https://x.com/alcana_10906/status/2067808851647500499,-,-,alcana_10906,,Sceptile-Mega,Talonflame,Rotom-Wash,Sneasler,Gholdengo,Garchomp,,MB66
MB65,Osirus' Staraptor Grimmsnarl Team,,Lee Provost,,,,Staraptite,,,Sitrus Berry,,,Kasib Berry,,,Leftovers,,,Light Clay,,,Life Orb,,https://pokepast.es/79effda80d55d3f4,Yes,Extracted,✔,D45J6QAUQY,19 Jun 2026,Video,,https://x.com/osirusvgc/status/2067772177600876576?s=46&t=WmXEnVa3rTSw0P9A0n6S3Q,https://www.youtube.com/watch?v=xRHI5JTG_us,-,osirusvgc,,Staraptor-Mega,Incineroar,Sinistcha,Gholdengo,Grimmsnarl,Garchomp,,MB65
MB64,regibang's Pyroar Zoroark-Hisui Team,,regibang,,,,Pyroarite,,,White Herb,,,Life Orb,,,Focus Sash,,,Sitrus Berry,,,Lum Berry,,https://pokepast.es/9af67b91723b116d,Yes,Extracted,✔,6B4KT2BCNS,19 Jun 2026,-,,https://x.com/regibang/status/2067697290094022731?s=46&t=WmXEnVa3rTSw0P9A0n6S3Q,-,-,regibang,,Pyroar-Mega,Sneasler,Zoroark-Hisui,Whimsicott,Sinistcha,Dragonite,,MB64
MB63,Cybertron's Staraptor Whimsicott Team,,Aaron Zheng,,,,Staraptite,,,Choice Scarf,,,Mystic Water,,,Focus Sash,,,Life Orb,,,Roseli Berry,,https://pokepast.es/0e2147e72cacc417,Yes,Owner's,✔,XEX629QEEY,18 Jun 2026,Video,,https://x.com/cybertronvgc/status/2067697848376762481?s=46&t=WmXEnVa3rTSw0P9A0n6S3Q,https://www.youtube.com/watch?v=ES4APGm7KPw,-,cybertronvgc,,Staraptor-Mega,Typhlosion-Hisui,Basculegion,Whimsicott,Gholdengo,Garchomp,,MB63
MB62,TalonMasterJ's Dragalge Froslass Team,,Joe Carlino,,,,Dragalgite,,,Froslassite,,,Sitrus Berry,,,White Herb,,,Black Glasses,,,Roseli Berry,,https://pokepast.es/5555d351eb6f4216,Yes,Extracted,✔,DAGBY643A0,19 Jun 2026,-,,https://x.com/joecarlino14/status/2067695652264395074?s=46&t=WmXEnVa3rTSw0P9A0n6S3Q,-,-,joecarlino14,,Dragalge-Mega,Froslass-Mega,Basculegion,Sneasler,Kingambit,Garchomp,,MB62
MB61,pablitonya's Staraptor Eelektross Team,,pablitonya,,,,Eelektrossite,,,Staraptite,,,Choice Scarf,,,Focus Sash,,,Black Glasses,,,Life Orb,,https://pokepast.es/e7031fc9ee125bb0,Yes,Extracted,✔,3SJRR8JLJV,18 Jun 2026,-,,https://x.com/pablitonya/status/2067633767045292334?s=46&t=WmXEnVa3rTSw0P9A0n6S3Q,-,-,pablitonya,,Eelektross-Mega,Staraptor-Mega,Basculegion,Whimsicott,Kingambit,Garchomp,,MB61
MB60,soungrull's Charizard-Y Sylveon Team,,soungrull,,,,Charizardite Y,,,Focus Sash,,,Sitrus Berry,,,Life Orb,,,Fairy Feather,,,Choice Scarf,,https://pokepast.es/5ff9a2b097e13aac,Yes,Extracted,✔,TH6GVKEYBR,18 Jun 2026,-,,https://x.com/soungrull/status/2067616664204742755?s=46,-,-,soungrull,,Charizard,Aerodactyl,Farigiraf,Kingambit,Sylveon,Garchomp,,MB60
MB59,toshiniki's Charizard-Y Floette Team,,toshiniki,,,,Floettite,,,Charizardite Y,,,Life Orb,,,Focus Sash,,,Occa Berry,,,Roseli Berry,,https://pokepast.es/809d18abcc0a41ef,Yes,Extracted,✔,KGQX4915U1,18 Jun 2026,-,,https://x.com/toshi_kyogre/status/2067382205429764170?s=46,-,-,toshi_kyogre,,Floette-Eternal-Mega,Charizard,Basculegion,Whimsicott,Kingambit,Garchomp,,MB59
MB58,146_poke's Malamar Gholdengo Team,,146_poke,,,,Malamarite,,,Sitrus Berry,,,Focus Sash,,,Kasib Berry,,,Colbur Berry,,,Light Clay,,https://pokepast.es/5f26a57051bcb1f0,Yes,Extracted,✔,JQK7JQNFPK,18 Jun 2026,-,,https://x.com/146_poke/status/2067324589412348003?s=46,-,-,146_poke,,Malamar-Mega,Incineroar,Sneasler,Sinistcha,Gholdengo,Grimmsnarl,,MB58
MB57,kashiwagineru's Metagross Aerodactyl Team,,kashiwagineru,,,,Aerodactylite,,,Metagrossite,,,Life Orb,,,Focus Sash,,,Chople Berry,,,Fairy Feather,,https://pokepast.es/53118576ed92f284,Yes,Extracted,✔,7TKB7U5DKA,18 Jun 2026,-,,https://x.com/kashiwagineru/status/2067511103236833647?s=46,-,-,kashiwagineru,,Aerodactyl-Mega,Metagross-Mega,Basculegion,Meowscarada,Kingambit,Sylveon,,MB57
MB56,c_bass365's Metagross Eelektross Team,,c_bass365,,,,Eelektrossite,,,Metagrossite,,,Focus Sash,,,White Herb,,,Light Clay,,,Life Orb,,https://pokepast.es/f6a56a68c07948f9,Yes,Extracted,✔,70X59SUBJ0,18 Jun 2026,-,,https://x.com/c_bass365/status/2067526676314210795?s=46,-,-,c_bass365,,Eelektross-Mega,Metagross-Mega,Basculegion,Sneasler,Grimmsnarl,Garchomp,,MB56
MB55,Sh4dowzon's Staraptor Charizard-Y Team,,Nicolás del Campo,,,,Staraptite,,,Charizardite Y,,,White Herb,,,Focus Sash,,,Life Orb,,,Sitrus Berry,,https://pokepast.es/a8283ae7c2e72695,Yes,Extracted,✔,YPYGJQBBEJ,18 Jun 2026,-,,https://x.com/sh4dowzon_vgc/status/2067448035190218906?s=46,-,-,sh4dowzon_vgc,,Staraptor-Mega,Charizard,Sneasler,Whimsicott,Gholdengo,Garchomp,,MB55
MB54,misono's Raichu-Y Charizard-Y Team,,misono,,,,Charizardite Y,,,Life Orb,,,Raichunite Y,,,Focus Sash,,,Chople Berry,,,Choice Scarf,,https://pokepast.es/387f6072da7d4c79,Yes,Extracted,✔,LJ60S3SGG0,18 Jun 2026,-,,https://x.com/misonopoke/status/2067389580635218113?s=46,-,-,misonopoke,,Charizard,Basculegion,Raichu,Whimsicott,Kingambit,Ninetales-Alola,,MB54
MB53,toru's Mawile Swampert Team,,toru,,,,Mawilite,,,Swampertite,,,Choice Scarf,,,Mystic Water,,,Sitrus Berry,,,Leftovers,,https://pokepast.es/5dd5a0b10ba9f20a,Yes,Extracted,✔,1VFA9QB9W5,18 Jun 2026,-,,https://x.com/toru_poke/status/2067283035293376857?s=46,-,-,toru_poke,,Mawile-Mega,Swampert-Mega,Pelipper,Politoed,Farigiraf,Archaludon,,MB53
MB52,Yoko's Triple Mega Snow Rain Team,,Yoko Taguma,,,,Metagrossite,,,Swampertite,,,Damp Rock,,,Raichunite Y,,,Focus Sash,,,Sitrus Berry,,https://pokepast.es/4c0ff57247351451,Yes,Extracted,✔,1QDFD63GAT,18 Jun 2026,-,,https://x.com/yoko_clover/status/2067452865724231684?s=46,-,-,yoko_clover,,Metagross-Mega,Swampert-Mega,Pelipper,Raichu,Vanilluxe,Farigiraf,,MB52
MB51,krlos_cb's Metagross Aerodactyl Team,,krlos_cb,,,,Aerodactylite,,,Metagrossite,,,Focus Sash,,,Leftovers,,,Sitrus Berry,,,Life Orb,,https://pokepast.es/adcab0702c03e988,Yes,Extracted,✔,QFRFE50XY6,18 Jun 2026,-,,https://x.com/krlos_cb/status/2067551270802481234?s=46,-,-,krlos_cb,,Aerodactyl-Mega,Metagross-Mega,Blaziken,Rotom-Wash,Sinistcha,Garchomp,,MB51
MB50,sleepysilvervgc's Sitrus Series #63 Top 4 Team,,sleepysilvervgc,,,,Delphoxite,,,Staraptite,,,Choice Scarf,,,Focus Sash,,,Black Glasses,,,Never-Melt Ice,,https://pokepast.es/8bc09492246db226,Yes,Extracted,✔,YRYU1TUSLG,18 Jun 2026,Sitrus Series #63,4th,https://x.com/sleepysilvervgc/status/2067463559307550806?s=46,-,-,sleepysilvervgc,,Delphox-Mega,Staraptor-Mega,Basculegion,Maushold-Four,Kingambit,Ninetales-Alola,,MB50
MB49,thenamesabe's Staraptor Malamar Team,,thenamesabe,,,,Malamarite,,,Staraptite,,,Focus Sash,,,Leftovers,,,Wise Glasses,,,Life Orb,,https://pokepast.es/5955add9b6744232,Yes,Extracted,✔,CL0BTPMAWC,18 Jun 2026,-,,https://x.com/TheNamesAbe/status/2067464082714771806,-,-,TheNamesAbe,,Malamar-Mega,Staraptor-Mega,Whimsicott,Sinistcha,Gholdengo,Garchomp,,MB49
MB48,DDee's Charizard-Y Gholdengo Team,,Michael Uko,,,,Charizardite Y,,,Sitrus Berry,,,Mystic Water,,,Focus Sash,,,Metal Coat,,,Life Orb,,https://pokepast.es/ed3fe39de27c125d,Yes,Extracted,✔,YAHK9LUP6U,18 Jun 2026,-,,https://x.com/ddee_ssbu/status/2067633625600790548?s=46,-,-,ddee_ssbu,,Charizard,Incineroar,Basculegion,Whimsicott,Gholdengo,Garchomp,,MB48
MB47,Tsubaki's Swampert Metagross Team,,Eisuke Nakayama,,,,Metagrossite,,,Swampertite,,,Focus Sash,,,Sitrus Berry,,,Light Clay,,,Leftovers,,https://pokepast.es/3566564355a9c340,Yes,Extracted,✔,8HYGG4ES8X,18 Jun 2026,-,,https://x.com/tsubakiandmeu02/status/2067569830916702561?s=46,-,-,tsubakiandmeu02,,Metagross-Mega,Swampert-Mega,Pelipper,Sinistcha,Grimmsnarl,Archaludon,,MB47
MB46,Gardevoir_3710's Eelektross Floette Team,,Gardevoir_3710,,,,Eelektrossite,,,Floettite,,,Sharp Beak,,,Focus Sash,,,Sitrus Berry,,,Life Orb,,https://pokepast.es/b43fcdd616938859,Yes,Extracted,✔,54CGV4LTJV,18 Jun 2026,-,,https://x.com/gardevoir_3710/status/2067602139384631480?s=46,-,-,gardevoir_3710,,Eelektross-Mega,Floette-Eternal-Mega,Talonflame,Basculegion,Farigiraf,Garchomp,,MB46
MB45,soramitu's Swampert Venusaur Team,,Yasuharu Shimizu,,,,Swampertite,,,Venusaurite,,,Mystic Water,,,Focus Sash,,,Light Clay,,,Leftovers,,https://pokepast.es/55202d22066302b9,Yes,Extracted,✔,FP5XGYJC2M,18 Jun 2026,-,,https://x.com/soramitu0322/status/2067577500818125200?s=46,-,-,soramitu0322,,Swampert-Mega,Venusaur-Mega,Basculegion-F,Pelipper,Sableye,Archaludon,,MB45
MB44,bomuburi's Staraptor Hawlucha Team,,bomuburi,,,,Hawluchanite,,,Staraptite,,,Chople Berry,,,Leftovers,,,Focus Sash,,,Light Clay,,https://pokepast.es/db633ee8920b42ac,Yes,Extracted,✔,RA0R52SJ2H,18 Jun 2026,-,,https://x.com/bomuburi/status/2067514055611601218?s=46,-,-,bomuburi,,Hawlucha-Mega,Staraptor-Mega,Incineroar,Snorlax,Sinistcha,Grimmsnarl,,MB44
MB43,grr301's Raichu-Y Staraptor Team,,grr301,,,,Staraptite,,,Raichunite Y,,,Sitrus Berry,,,Focus Sash,,,Light Clay,,,Life Orb,,https://pokepast.es/03e45771001c99e0,Yes,Extracted,✔,H06D8230TW,18 Jun 2026,-,,https://x.com/grr301/status/2067548565296079032?s=46,-,-,grr301,,Staraptor-Mega,Raichu,Sinistcha,Aegislash,Grimmsnarl,Garchomp,,MB43
MB42,KitWiller's Staraptor Metagross Team,,Daniel Pioppi,,,,Metagrossite,,,Staraptite,,,Focus Sash,,,Choice Scarf,,,Fairy Feather,,,Sitrus Berry,,https://pokepast.es/5541ab5c62dfcffe,Yes,Extracted,✔,M11Q00D55V,18 Jun 2026,-,,https://x.com/kitwillervgc/status/2067561722844422417?s=46,-,-,kitwillervgc,,Metagross-Mega,Staraptor-Mega,Blaziken,Basculegion,Whimsicott,Garchomp,,MB42
MB41,starfish0206's Swampert Floette Team,,starfish0206,,,,Floettite,,,Swampertite,,,Sitrus Berry,,,Colbur Berry,,,Light Clay,,,Leftovers,,https://pokepast.es/07bc6c66206f7c06,Yes,Extracted,✔,RCB7CYCV02,18 Jun 2026,-,,https://x.com/starfish0206/status/2067563233486197096?s=46,-,-,starfish0206,,Floette-Eternal-Mega,Swampert-Mega,Pelipper,Sinistcha,Grimmsnarl,Archaludon,,MB41
MB40,Ruuto's Raichu-Y Gholdengo Team,,Ruuto,,,,Leftovers,,,Raichunite Y,,,Focus Sash,,,Sitrus Berry,,,Fairy Feather,,,Life Orb,,https://pokepast.es/acefffba8754e31b,Yes,Extracted,✔,G3H4LXEBAF,18 Jun 2026,-,,https://x.com/tbhla7130/status/2067593996009078853?s=46,-,-,tbhla7130,,Gyarados,Raichu,Whimsicott,Gholdengo,Sylveon,Garchomp,,MB40
MB39,Q's Raichu-Y Staraptor Team,,Q,,,,Staraptite,,,Focus Sash,,,Raichunite Y,,,Kasib Berry,,,Leftovers,,,Light Clay,,https://pokepast.es/d1c83ee442a67e8c,Yes,Extracted,✔,RQ0P9631T4,18 Jun 2026,-,,https://x.com/q_vgc_poke0306/status/2067605092149371101?s=46,-,-,q_vgc_poke0306,,Staraptor-Mega,Pelipper,Raichu,Sinistcha,Gholdengo,Grimmsnarl,,MB39
MB38,homura_kurenai_'s Swampert Venusaur Team,,homura_kurenai_,,,,Swampertite,,,Venusaurite,,,Sitrus Berry,,,Roseli Berry,,,Kasib Berry,,,Leftovers,,https://pokepast.es/6566afa4788066ab,Yes,Extracted,✔,XM2Q479C79,18 Jun 2026,-,,https://x.com/homura_kurenai_/status/2067602693447922042?s=46,-,-,homura_kurenai_,,Swampert-Mega,Venusaur-Mega,Pelipper,Sableye,Sinistcha,Archaludon,,MB38
MB37,mumemo's Malamar Grimmsnarl Team,,mumemo,,,,Malamarite,,,Focus Sash,,,White Herb,,,Sitrus Berry,,,Roseli Berry,,,Fairy Feather,,https://pokepast.es/31a1ce0b62719b67,Yes,Extracted,✔,W83BDNRED4,18 Jun 2026,-,,https://x.com/mumemo168/status/2067634748395311412?s=46,-,-,mumemo168,,Malamar-Mega,Basculegion,Sneasler,Sinistcha,Grimmsnarl,Sylveon,,MB37
MB36,Viera's Dragalge Eelektross Team,,Shoma Honami,,,,Dragalgite,,,Eelektrossite,,,Sitrus Berry,,,Coba Berry,,,Light Clay,,,Focus Sash,,https://pokepast.es/8972018ae6e0964d,Yes,Extracted,✔,1UH6QYA226,18 Jun 2026,-,,https://x.com/SHADEviera/status/2067587361912009029,-,-,SHADEviera,,Dragalge-Mega,Eelektross-Mega,Incineroar,Sinistcha,Grimmsnarl,Hydreigon,,MB36
MB35,zeen's Staraptor Grimmsnarl Team,,Shohei Kimura,,,,Staraptite,,,Choice Scarf,,,Sitrus Berry,,,Light Clay,,,Fairy Feather,,,Life Orb,,https://pokepast.es/9895f3ee4eb4a6ad,Yes,Extracted,✔,LYHCP78X4L,18 Jun 2026,-,,https://x.com/zeen172m/status/2067610388066402354?s=46,-,-,zeen172m,,Staraptor-Mega,Basculegion,Sinistcha,Grimmsnarl,Sylveon,Garchomp,,MB35
MB34,zeropoke_'s Raichu-Y Basculegion Team,,zeropoke_,,,,Life Orb,,,Raichunite Y,,,Black Glasses,,,Focus Sash,,,Fairy Feather,,,Choice Scarf,,https://pokepast.es/4018d6baeffb61a5,Yes,Extracted,✔,R8JBDA0SHQ,18 Jun 2026,-,,https://x.com/zeropoke_/status/2067483021515870314?s=46&t=WmXEnVa3rTSw0P9A0n6S3Q,-,-,zeropoke_,,Basculegion,Raichu,Kingambit,Ninetales-Alola,Sylveon,Garchomp,,MB34
MB33,mikevgc's Metagross Eelektross Team,,mikevgc,,,,Eelektrossite,,,Metagrossite,,,Mystic Water,,,Focus Sash,,,Black Glasses,,,Sitrus Berry,,https://pokepast.es/612b99bb8f039b79,Yes,Extracted,✔,N69JY1VBTX,18 Jun 2026,-,,https://x.com/mikevgc/status/2067482644464484732?s=46&t=WmXEnVa3rTSw0P9A0n6S3Q,-,-,mikevgc,,Eelektross-Mega,Metagross-Mega,Basculegion,Whimsicott,Kingambit,Garchomp,,MB33
MB32,juniorcosas' Blaziken Metagross Team,,juniorcosas,,,,Blazikenite,,,Metagrossite,,,Sitrus Berry,,,Leftovers,,,Wide Lens,,,Life Orb,,https://pokepast.es/3acca0e632461b06,Yes,Extracted,✔,GG0FD1W5UX,18 Jun 2026,-,,https://x.com/juniorcosas/status/2067363436749586874?s=46&t=WmXEnVa3rTSw0P9A0n6S3Q,-,-,juniorcosas,,Blaziken-Mega,Metagross-Mega,Rotom-Heat,Milotic,Tsareena,Kingambit,,MB32
MB31,rennyvgc's Mawile Rain Team,,rennyvgc,,,,Mawilite,,,Focus Sash,,,Life Orb,,,Lum Berry,,,Kasib Berry,,,Leftovers,,https://pokepast.es/094699b7bea2a995,Yes,Extracted,✔,RV6V177D3H,18 Jun 2026,-,,https://x.com/rennyvgc/status/2067181646747758927?s=46&t=WmXEnVa3rTSw0P9A0n6S3Q,-,-,rennyvgc,,Mawile-Mega,Pelipper,Annihilape,Scrafty,Sinistcha,Archaludon,,MB31
MB30,spits25's Eelektross Ninetales-Alola Team,,spits25,,,,Eelektrossite,,,Sitrus Berry,,,Sharp Beak,,,Focus Sash,,,Choice Scarf,,,Life Orb,,https://pokepast.es/489f86fbe5ddd046,Yes,Extracted,✔,3YRU950MRY,18 Jun 2026,-,,https://x.com/spits25/status/2067444882273435828?s=46&t=WmXEnVa3rTSw0P9A0n6S3Q,-,-,spits25,,Eelektross-Mega,Incineroar,Talonflame,Kingambit,Ninetales-Alola,Garchomp,,MB30
MB29,all_riel's Milotic Gyarados Team,,all_riel,,,,Sitrus Berry,,,Focus Sash,,,Leftovers,,,Damp Rock,,,White Herb,,,Scope Lens,,https://pokepast.es/b5f440daee2fa103,Yes,Extracted,✔,XSNX818MAQ,18 Jun 2026,-,,https://x.com/all_riel/status/2067343557149524323?s=46&t=WmXEnVa3rTSw0P9A0n6S3Q,-,-,all_riel,,Azumarill,Gyarados,Milotic,Politoed,Dragonite,Garchomp,,MB29
MB28,danyul_yt's Swampert Venusaur Team,,danyul_yt,,,,Swampertite,,,Venusaurite,,,Sitrus Berry,,,Light Clay,,,Fairy Feather,,,Leftovers,,https://pokepast.es/edf426dd7b9685ce,Yes,Extracted,✔,7J6XYD9JYY,18 Jun 2026,-,,https://x.com/danyul_yt/status/2067394034184634440?s=46&t=WmXEnVa3rTSw0P9A0n6S3Q,-,-,danyul_yt,,Swampert-Mega,Venusaur-Mega,Pelipper,Sableye,Sylveon,Archaludon,,MB28
MB27,_miahlim_'s Swampert Floette Team,,_miahlim_,,,,Floettite,,,Swampertite,,,Choice Scarf,,,Sitrus Berry,,,Kasib Berry,,,Leftovers,,https://pokepast.es/2978fd0cf19ad035,Yes,Extracted,✔,HPKL0P8AEY,18 Jun 2026,-,,https://x.com/_miahlim_/status/2067427744858976579?s=12,-,-,_miahlim_,,Floette-Eternal-Mega,Swampert-Mega,Basculegion,Pelipper,Sinistcha,Archaludon,,MB27
MB26,DjSanders' Mawile Eelektross Team,,DjSanders,,,,Eelektrossite,,,Mawilite,,,Focus Sash,,,Sitrus Berry,,,Light Clay,,,Leftovers,,https://pokepast.es/f3098350696cf67a,Yes,Extracted,✔,467X3MXUXL,18 Jun 2026,-,,Discord Submission,-,-,DjSanders,,Eelektross-Mega,Mawile-Mega,Pelipper,Sinistcha,Grimmsnarl,Archaludon,,MB26
MB25,DjSanders' Mawile Swampert Team,,DjSanders,,,,Mawilite,,,Swampertite,,,Focus Sash,,,Poison Barb,,,Sitrus Berry,,,Leftovers,,https://pokepast.es/afe1c8adf111cb00,Yes,Extracted,✔,ABN0GDQ0DD,18 Jun 2026,-,,Discord Submission,-,-,DjSanders,,Mawile-Mega,Swampert-Mega,Pelipper,Overqwil,Sinistcha,Archaludon,,MB25
MB24,DjSanders' Pyroar Blastoise Team,,DjSanders,,,,Blastoisinite,,,Pyroarite,,,Charcoal,,,Choice Scarf,,,Focus Sash,,,Sitrus Berry,,https://pokepast.es/06fc71b671e3749b,Yes,Extracted,✔,1Q23EYBNN3,18 Jun 2026,-,,Discord Submission,-,-,DjSanders,,Blastoise-Mega,Pyroar-Mega,Torkoal,Annihilape,Whimsicott,Farigiraf,,MB24
MB23,DjSanders' Metagross Floette Team,,DjSanders,,,,Floettite,,,Metagrossite,,,Focus Sash,,,Leftovers,,,Kasib Berry,,,Sitrus Berry,,https://pokepast.es/6f623a3ed4a96420,Yes,Extracted,✔,C17T8575UU,18 Jun 2026,-,,Discord Submission,-,-,DjSanders,,Floette-Eternal-Mega,Metagross-Mega,Blaziken,Incineroar,Sinistcha,Orthworm,,MB23
MB22,DjSanders' Swampert Dragonite Team,,DjSanders,,,,Dragoninite,,,Swampertite,,,Focus Sash,,,Life Orb,,,Light Clay,,,Leftovers,,https://pokepast.es/9e5918deb7c840e2,Yes,Extracted,✔,50QAWKBVRX,18 Jun 2026,-,,Discord Submission,-,-,DjSanders,,Dragonite-Mega,Swampert-Mega,Pelipper,Overqwil,Grimmsnarl,Archaludon,,MB22
MB21,avalos_vgc's Staraptor Charizard-X Team,,avalos_vgc,,,,Staraptite,,,Charizardite X,,,Charcoal,,,Kasib Berry,,,Focus Sash,,,Iron Ball,,https://pokepast.es/9a74299ea2d0fd17,Yes,Extracted,✔,81S3QP20N4,18 Jun 2026,-,,https://x.com/avalos_vgc/status/2067397862284026109?s=46,-,-,avalos_vgc,,Staraptor-Mega,Charizard,Incineroar,Sinistcha,Kingambit,Grimmsnarl,,MB21
MB20,Riopaser's Staraptor Charizard-Y Team,,Eric Ríos,,,,Staraptite,,,Charizardite Y,,,Focus Sash,,,Choice Scarf,,,Fairy Feather,,,Life Orb,,https://pokepast.es/8d0847564965e84b,Yes,Extracted,✔,JRDLKRSFLV,18 Jun 2026,-,,https://x.com/riopaser/status/2067364647049539632?s=46&t=WmXEnVa3rTSw0P9A0n6S3Q,-,-,riopaser,,Staraptor-Mega,Charizard,Raichu,Gholdengo,Sylveon,Garchomp,,MB20
MB19,dyeittight's Eelektross Grimmsnarl Team,,dyeittight,,,,Eelektrossite,,,Focus Sash,,,White Herb,,,Life Orb,,,Black Glasses,,,Light Clay,,https://pokepast.es/aa88e00c2145ca46,Yes,Extracted,✔,CNL0TGDGT1,18 Jun 2026,-,,https://x.com/dyeittight/status/2067347863747625470?s=46&t=WmXEnVa3rTSw0P9A0n6S3Q,-,-,dyeittight,,Eelektross-Mega,Aerodactyl,Sneasler,Gholdengo,Kingambit,Grimmsnarl,,MB19
MB18,Emir's Sceptile Floette Team,,Emir Abdulovski,,,,Floettite,,,Sceptilite,,,Choice Scarf,,,Sitrus Berry,,,Focus Sash,,,Life Orb,,https://pokepast.es/c5d0fbf21d41ef07,Yes,Extracted,✔,FNKRKBMP98,18 Jun 2026,-,,https://x.com/emirnent/status/2067310728315343275?s=46&t=WmXEnVa3rTSw0P9A0n6S3Q,-,-,emirnent,,Floette-Eternal-Mega,Sceptile-Mega,Rotom-Heat,Basculegion,Aerodactyl,Garchomp,,MB18
MB17,jortchamp's Pyroar Mimikyu Team,,jortchamp,,,,Dragoninite,,,Pyroarite,,,Charcoal,,,Focus Sash,,,Black Glasses,,,Life Orb,,https://pokepast.es/f1febbff465b893b,Yes,Extracted,✔,QC5A0L6VC1,18 Jun 2026,-,,https://x.com/jortchamp/status/2067351983170691181?s=46&t=WmXEnVa3rTSw0P9A0n6S3Q,-,-,jortchamp,,Dragonite-Mega,Pyroar-Mega,Torkoal,Sneasler,Kingambit,Mimikyu,,MB17
MB16,Yunittoyuni's Scrafty Kangaskhan Team,,Yuma Suzuki,,,,Kangaskhanite,,,Scraftinite,,,Life Orb,,,Focus Sash,,,Sitrus Berry,,,Fairy Feather,,https://pokepast.es/2e90fb22f88aa3a1,Yes,Extracted,✔,2SFRD36A9U,18 Jun 2026,-,,https://x.com/yunittoyuni/status/2067247435777540333?s=46&t=WmXEnVa3rTSw0P9A0n6S3Q,-,-,yunittoyuni,,Kangaskhan-Mega,Scrafty-Mega,Torkoal,Basculegion,Farigiraf,Sylveon,,MB16
MB15,Sole Survivor's Raichu-X Metagross Team,,Sole Survivor,,,,Metagrossite,,,Passho Berry,,,Choice Scarf,,,Focus Sash,,,Light Clay,,,Leftovers,,https://pokepast.es/38f1bb02244ae086,Yes,Extracted,✔,WL4L7QDKNU,18 Jun 2026,-,,https://x.com/solesurvivorvgc/status/2067250632847729130?s=46&t=WmXEnVa3rTSw0P9A0n6S3Q,-,-,solesurvivorvgc,,Metagross-Mega,Incineroar,Basculegion,Pelipper,Klefki,Archaludon,,MB15
MB14,homura_kurenai_'s Staraptor Floette Team,,homura_kurenai_,,,,Floettite,,,Staraptite,,,Passho Berry,,,Focus Sash,,,Choice Scarf,,,Sitrus Berry,,https://pokepast.es/2cad2186a0a4f76a,Yes,Extracted,✔,V0ER6HM3TT,18 Jun 2026,-,,https://x.com/homura_kurenai_/status/2067238732932288641?s=46&t=WmXEnVa3rTSw0P9A0n6S3Q,-,-,homura_kurenai_,,Floette-Eternal-Mega,Staraptor-Mega,Incineroar,Excadrill,Tyranitar,Sinistcha,,MB14
MB13,Kaguya's Mawile Swampert Team,,Blake Falls,,,,Mawilite,,,Swampertite,,,Passho Berry,,,White Herb,,,Roseli Berry,,,Colbur Berry,,https://pokepast.es/cf711e052f60289c,Yes,Extracted,✔,9EAKRL4S31,18 Jun 2026,-,,https://x.com/kaguyafalls/status/2067305246620082224?s=46&t=WmXEnVa3rTSw0P9A0n6S3Q,-,-,kaguyafalls,,Mawile-Mega,Swampert-Mega,Incineroar,Sneasler,Sableye,Farigiraf,,MB13
MB12,cona's Swampert Sinistcha Team,,Hiroshi Onishi,,,,Floettite,,,Swampertite,,,Sitrus Berry,,,Coba Berry,,,Roseli Berry,,,Leftovers,,https://pokepast.es/ba026f920b82ccdc,Yes,Extracted,✔,QHD5G96SVD,18 Jun 2026,-,,https://x.com/cona_5757/status/2067280087603630532,-,-,cona_5757,,Floette-Eternal-Mega,Swampert-Mega,Pelipper,Sinistcha,Grimmsnarl,Archaludon,,MB12
MB11,Sarapoke0914's Swampert Metagross Team,,Sarapoke0914,,,,Metagrossite,,,Swampertite,,,Sitrus Berry,,,Coba Berry,,,Leftovers,,,Choice Scarf,,https://pokepast.es/3bcfb05f098f56a3,Yes,Extracted,✔,0MVVS1S4HQ,18 Jun 2026,-,,https://x.com/sarapoke0914/status/2067283207998046548?s=46&t=WmXEnVa3rTSw0P9A0n6S3Q,-,-,sarapoke0914,,Metagross-Mega,Swampert-Mega,Pelipper,Sinistcha,Archaludon,Hydreigon,,MB11
MB10,ChyrWill's Metagross Rotom-Wash Team,,Chyr Wei,,,,Floettite,,,Metagrossite,,,Sitrus Berry,,,Choice Scarf,,,Focus Sash,,,Occa Berry,,https://pokepast.es/f1d48d777a0bb3e9,Yes,Extracted,✔,8JAYA3J7QC,18 Jun 2026,-,,https://x.com/chyrwill/status/2067294975046606943?s=46&t=WmXEnVa3rTSw0P9A0n6S3Q,-,-,chyrwill,,Floette-Eternal-Mega,Metagross-Mega,Incineroar,Rotom-Wash,Sneasler,Sinistcha,,MB10
MB9,LenVGC's Swampert Archaludon Team,,Alex Soto,,,,Swampertite,,,Sitrus Berry,,,Focus Sash,,,Light Clay,,,Kasib Berry,,,Leftovers,,https://pokepast.es/51792004a16a02ce,Yes,Extracted,✔,W8N4QMGSRJ,18 Jun 2026,-,,https://x.com/lenvgc/status/2067292895946637691?s=46&t=WmXEnVa3rTSw0P9A0n6S3Q,-,-,lenvgc,,Swampert-Mega,Pelipper,Sneasler,Sableye,Sinistcha,Archaludon,,MB9
MB8,MemeGuy924's Metagross Floette Team,,MemeGuy924,,,,Floettite,,,Metagrossite,,,Sitrus Berry,,,Focus Sash,,,Kasib Berry,,,Choice Scarf,,https://pokepast.es/5b203a397256d099,Yes,Owner's,X,None,18 Jun 2026,-,,https://x.com/MemeGuy924/status/2067299379216539835,-,-,MemeGuy924,,Floette-Mega,Metagross-Mega,Incineroar,Aerodactyl,Sinistcha,Garchomp,,MB8
MB7,Maxime Solemn's Raichu-Y Staraptor Team,,Maxime Solemn,,,,Staraptite,,,Sitrus Berry,,,Choice Scarf,,,Raichunite Y,,,Colbur Berry,,,Life Orb,,https://pokepast.es/f872755d92ef085d,Yes,Extracted,✔,KUTGLYPD6F,17 Jun 2026,-,,https://x.com/maximesolemn/status/2067267502984380588?s=46&t=WmXEnVa3rTSw0P9A0n6S3Q,-,-,maximesolemn,,Staraptor-Mega,Incineroar,Basculegion,Raichu,Sinistcha,Garchomp,,MB7
MB6,luixens' Staraptor Delphox Team,,luixens,,,,Delphoxite,,,Staraptite,,,Sitrus Berry,,,Kasib Berry,,,Chople Berry,,,Light Clay,,https://pokepast.es/1fbaa3ff350d6db8,Yes,Extracted,✔,UQLVFYJMQA,17 Jun 2026,-,,https://x.com/luixens/status/2067263568333176864?s=46&t=WmXEnVa3rTSw0P9A0n6S3Q,-,-,luixens,,Delphox-Mega,Staraptor-Mega,Incineroar,Sinistcha,Kingambit,Grimmsnarl,,MB6
MB5,tyo's Raichu-Y Ditto Team,,Nikhil Reddy,,,,Staraptite,,,Mystic Water,,,Raichunite Y,,,Quick Claw,,,Focus Sash,,,Choice Scarf,,https://pokepast.es/855f0c1126bf690a,Yes,Extracted,✔,0D7P2BD48C,17 Jun 2026,-,,https://x.com/raisedintyo/status/2067237887251546579?s=46&t=WmXEnVa3rTSw0P9A0n6S3Q,-,-,raisedintyo,,Staraptor-Mega,Basculegion,Raichu,Ditto,Whimsicott,Gholdengo,,MB5
MB4,Xeno's Staraptor Whimsicott Team,,Eden Batchelor,,,,Staraptite,,,Life Orb,,,Focus Sash,,,Fairy Feather,,,Chople Berry,,,Sitrus Berry,,https://pokepast.es/4b6ce41a1fbe4df0,Yes,Extracted,✔,N4ETMM4WWH,17 Jun 2026,-,,https://x.com/xenovgc/status/2067258428955689248?s=46&t=WmXEnVa3rTSw0P9A0n6S3Q,-,-,xenovgc,,Staraptor-Mega,Basculegion,Glimmora,Whimsicott,Kingambit,Garchomp,,MB4
MB3,rizckyryu's Swampert Gardevoir Team,,rizckyryu,,,,Gardevoirite,,,Swampertite,,,Sitrus Berry,,,Focus Sash,,,Kasib Berry,,,Chople Berry,,https://pokepast.es/cc6423186361eb28,Yes,Extracted,✔,RSJUVMNR3D,17 Jun 2026,-,,https://x.com/rizckyryu/status/2067186870736601573?s=46&t=WmXEnVa3rTSw0P9A0n6S3Q,-,-,rizckyryu,,Gardevoir-Mega,Swampert-Mega,Incineroar,Pelipper,Sinistcha,Kingambit,,MB3
MB2,yuki_pkmon's Swampert Grimmsnarl Team,,yuki_pkmon,,,,Dragoninite,,,Swampertite,,,Life Orb,,,Sitrus Berry,,,Leftovers,,,Light Clay,,https://pokepast.es/285c108182d37a57,Yes,Extracted,✔,YXDG3R6HKF,17 Jun 2026,-,,https://x.com/yuki_pkmon/status/2067215157529641289,-,-,yuki_pkmon,,Dragonite-Mega,Swampert-Mega,Basculegion,Pelipper,Corviknight,Grimmsnarl,,MB2
MB1,DragonairJordan's Staraptor Tyranitar Team,,Elijah Gardner,,,,Staraptite,,,Tyranitarite,,,Choice Scarf,,,Shuca Berry,,,Focus Sash,,,Sitrus Berry,,https://pokepast.es/597cbdbdcd0338da,Yes,Extracted,✔,3GETRUT1DE,17 Jun 2026,Video,,https://x.com/DragonairJ/status/2067137735127642330?s=20,https://youtu.be/FHBT3kZwXdk?si=-2VNkIS0Zu3XCJbu,-,DragonairJ,,Staraptor-Mega,Tyranitar-Mega,Basculegion,Raichu,Excadrill,Sinistcha,,MB1